PRAGMA foreign_keys=OFF;
BEGIN TRANSACTION;
CREATE TABLE IF NOT EXISTS "django_migrations" ("id" integer NOT NULL PRIMARY KEY AUTOINCREMENT, "app" varchar(255) NOT NULL, "name" varchar(255) NOT NULL, "applied" datetime NOT NULL);
INSERT INTO django_migrations VALUES(1,'contenttypes','0001_initial','2023-11-30 17:56:17.244463');
INSERT INTO django_migrations VALUES(2,'auth','0001_initial','2023-11-30 17:56:17.272518');
INSERT INTO django_migrations VALUES(3,'admin','0001_initial','2023-11-30 17:56:17.294930');
INSERT INTO django_migrations VALUES(4,'admin','0002_logentry_remove_auto_add','2023-11-30 17:56:17.312538');
INSERT INTO django_migrations VALUES(5,'admin','0003_logentry_add_action_flag_choices','2023-11-30 17:56:17.325606');
INSERT INTO django_migrations VALUES(6,'contenttypes','0002_remove_content_type_name','2023-11-30 17:56:17.358476');
INSERT INTO django_migrations VALUES(7,'auth','0002_alter_permission_name_max_length','2023-11-30 17:56:17.378456');
INSERT INTO django_migrations VALUES(8,'auth','0003_alter_user_email_max_length','2023-11-30 17:56:17.395073');
INSERT INTO django_migrations VALUES(9,'auth','0004_alter_user_username_opts','2023-11-30 17:56:17.406729');
INSERT INTO django_migrations VALUES(10,'auth','0005_alter_user_last_login_null','2023-11-30 17:56:17.430085');
INSERT INTO django_migrations VALUES(11,'auth','0006_require_contenttypes_0002','2023-11-30 17:56:17.436624');
INSERT INTO django_migrations VALUES(12,'auth','0007_alter_validators_add_error_messages','2023-11-30 17:56:17.457430');
INSERT INTO django_migrations VALUES(13,'auth','0008_alter_user_username_max_length','2023-11-30 17:56:17.529565');
INSERT INTO django_migrations VALUES(14,'auth','0009_alter_user_last_name_max_length','2023-11-30 17:56:17.552102');
INSERT INTO django_migrations VALUES(15,'auth','0010_alter_group_name_max_length','2023-11-30 17:56:17.569461');
INSERT INTO django_migrations VALUES(16,'auth','0011_update_proxy_permissions','2023-11-30 17:56:17.582479');
INSERT INTO django_migrations VALUES(17,'auth','0012_alter_user_first_name_max_length','2023-11-30 17:56:17.601395');
INSERT INTO django_migrations VALUES(18,'backend','0001_initial','2023-11-30 17:56:17.651294');
INSERT INTO django_migrations VALUES(19,'sessions','0001_initial','2023-11-30 17:56:17.666090');
INSERT INTO django_migrations VALUES(20,'backend','0002_alter_recipe_carbohydrates_alter_recipe_energy_and_more','2023-12-02 15:13:36.107540');
INSERT INTO django_migrations VALUES(21,'backend','0003_alter_recipe_tools_alter_recipe_user','2023-12-02 15:15:15.736956');
INSERT INTO django_migrations VALUES(22,'backend','0004_alter_ingredient_category','2023-12-02 15:29:15.139074');
INSERT INTO django_migrations VALUES(23,'backend','0005_alter_ingredient_category','2023-12-03 10:25:29.655874');
INSERT INTO django_migrations VALUES(24,'backend','0006_remove_useringredient_ingredient_and_more','2023-12-13 13:08:22.598832');
INSERT INTO django_migrations VALUES(25,'backend','0007_alter_useringredient_quantity','2023-12-13 13:08:22.619948');
INSERT INTO django_migrations VALUES(26,'backend','0008_alter_useringredient_units','2023-12-13 13:08:22.631458');
INSERT INTO django_migrations VALUES(27,'backend','0009_useringredient_name','2023-12-13 13:08:22.639978');
INSERT INTO django_migrations VALUES(28,'backend','0010_rename_name_useringredient_ingredientname_and_more','2023-12-13 15:52:34.607731');
INSERT INTO django_migrations VALUES(29,'backend','0011_alter_recipe_tools_alter_user_tools','2023-12-13 21:05:45.020027');
CREATE TABLE IF NOT EXISTS "auth_group_permissions" ("id" integer NOT NULL PRIMARY KEY AUTOINCREMENT, "group_id" integer NOT NULL REFERENCES "auth_group" ("id") DEFERRABLE INITIALLY DEFERRED, "permission_id" integer NOT NULL REFERENCES "auth_permission" ("id") DEFERRABLE INITIALLY DEFERRED);
CREATE TABLE IF NOT EXISTS "auth_user_groups" ("id" integer NOT NULL PRIMARY KEY AUTOINCREMENT, "user_id" integer NOT NULL REFERENCES "auth_user" ("id") DEFERRABLE INITIALLY DEFERRED, "group_id" integer NOT NULL REFERENCES "auth_group" ("id") DEFERRABLE INITIALLY DEFERRED);
CREATE TABLE IF NOT EXISTS "auth_user_user_permissions" ("id" integer NOT NULL PRIMARY KEY AUTOINCREMENT, "user_id" integer NOT NULL REFERENCES "auth_user" ("id") DEFERRABLE INITIALLY DEFERRED, "permission_id" integer NOT NULL REFERENCES "auth_permission" ("id") DEFERRABLE INITIALLY DEFERRED);
CREATE TABLE IF NOT EXISTS "django_admin_log" ("id" integer NOT NULL PRIMARY KEY AUTOINCREMENT, "object_id" text NULL, "object_repr" varchar(200) NOT NULL, "action_flag" smallint unsigned NOT NULL CHECK ("action_flag" >= 0), "change_message" text NOT NULL, "content_type_id" integer NULL REFERENCES "django_content_type" ("id") DEFERRABLE INITIALLY DEFERRED, "user_id" integer NOT NULL REFERENCES "auth_user" ("id") DEFERRABLE INITIALLY DEFERRED, "action_time" datetime NOT NULL);
INSERT INTO django_admin_log VALUES(1,'1','Recipe object (1)',1,'[{"added": {}}]',8,1,'2023-12-02 15:15:24.524064');
INSERT INTO django_admin_log VALUES(2,'2','Recipe object (2)',1,'[{"added": {}}]',8,1,'2023-12-02 15:15:46.258914');
INSERT INTO django_admin_log VALUES(3,'1','Ingredient object (1)',1,'[{"added": {}}]',7,1,'2023-12-02 15:28:36.157179');
INSERT INTO django_admin_log VALUES(4,'2','Ingredient object (2)',1,'[{"added": {}}]',7,1,'2023-12-02 15:29:25.290463');
INSERT INTO django_admin_log VALUES(5,'3','Ingredient object (3)',1,'[{"added": {}}]',7,1,'2023-12-02 15:29:32.404717');
INSERT INTO django_admin_log VALUES(6,'1','RecipeIngredient object (1)',1,'[{"added": {}}]',13,1,'2023-12-02 15:30:05.163113');
INSERT INTO django_admin_log VALUES(7,'2','RecipeIngredient object (2)',1,'[{"added": {}}]',13,1,'2023-12-02 15:30:24.774145');
INSERT INTO django_admin_log VALUES(8,'3','RecipeIngredient object (3)',1,'[{"added": {}}]',13,1,'2023-12-02 15:30:33.012594');
INSERT INTO django_admin_log VALUES(9,'3','Recipe object (3)',1,'[{"added": {}}]',8,1,'2023-12-02 15:46:59.085651');
INSERT INTO django_admin_log VALUES(10,'3','Recipe object (3)',3,'',8,1,'2023-12-02 15:47:48.196869');
INSERT INTO django_admin_log VALUES(11,'4','Recipe object (4)',1,'[{"added": {}}]',8,1,'2023-12-02 15:48:02.436578');
INSERT INTO django_admin_log VALUES(12,'5','Recipe object (5)',1,'[{"added": {}}]',8,1,'2023-12-02 15:55:46.252943');
INSERT INTO django_admin_log VALUES(13,'4','Ingredient object (4)',1,'[{"added": {}}]',7,1,'2023-12-02 17:24:29.029009');
INSERT INTO django_admin_log VALUES(14,'5','Ingredient object (5)',1,'[{"added": {}}]',7,1,'2023-12-02 17:24:38.388121');
INSERT INTO django_admin_log VALUES(15,'4','RecipeIngredient object (4)',1,'[{"added": {}}]',13,1,'2023-12-02 17:25:03.939101');
INSERT INTO django_admin_log VALUES(16,'5','RecipeIngredient object (5)',1,'[{"added": {}}]',13,1,'2023-12-02 17:25:10.106954');
INSERT INTO django_admin_log VALUES(17,'1','Recipe object (1)',2,'[]',8,1,'2023-12-04 18:23:54.838011');
INSERT INTO django_admin_log VALUES(18,'1','Recipe object (1)',2,'[{"changed": {"fields": ["Energy", "Fats", "Carbohydrates", "Sugars", "Protein", "Salt"]}}]',8,1,'2023-12-04 18:24:06.207627');
INSERT INTO django_admin_log VALUES(19,'1','Tool object (1)',1,'[{"added": {}}]',9,1,'2023-12-04 18:30:51.756616');
INSERT INTO django_admin_log VALUES(20,'1','Recipe object (1)',2,'[{"changed": {"fields": ["Tools"]}}]',8,1,'2023-12-04 18:31:03.784755');
INSERT INTO django_admin_log VALUES(21,'2','Tool object (2)',1,'[{"added": {}}]',9,1,'2023-12-04 18:31:30.007147');
INSERT INTO django_admin_log VALUES(22,'3','Tool object (3)',1,'[{"added": {}}]',9,1,'2023-12-04 18:31:33.359970');
INSERT INTO django_admin_log VALUES(23,'1','Recipe object (1)',2,'[]',8,1,'2023-12-04 18:31:51.886669');
INSERT INTO django_admin_log VALUES(24,'1','Recipe object (1)',2,'[]',8,1,'2023-12-04 18:32:09.904272');
INSERT INTO django_admin_log VALUES(25,'1','Step object (1)',1,'[{"added": {}}]',12,1,'2023-12-04 19:35:03.558257');
INSERT INTO django_admin_log VALUES(26,'2','Step object (2)',1,'[{"added": {}}]',12,1,'2023-12-04 19:35:12.982394');
INSERT INTO django_admin_log VALUES(27,'3','Step object (3)',1,'[{"added": {}}]',12,1,'2023-12-04 19:35:22.376903');
INSERT INTO django_admin_log VALUES(28,'1','User object (1)',1,'[{"added": {}}]',11,1,'2023-12-05 12:05:59.134803');
INSERT INTO django_admin_log VALUES(29,'1','Recipe object (1)',2,'[{"changed": {"fields": ["User"]}}]',8,1,'2023-12-05 12:06:12.760317');
INSERT INTO django_admin_log VALUES(30,'4','Recipe object (4)',3,'',8,1,'2023-12-07 14:38:59.593535');
INSERT INTO django_admin_log VALUES(31,'6','Recipe object (6)',3,'',8,1,'2023-12-07 14:39:08.900591');
INSERT INTO django_admin_log VALUES(32,'7','Recipe object (7)',3,'',8,1,'2023-12-07 14:39:14.583158');
INSERT INTO django_admin_log VALUES(33,'8','Recipe object (8)',3,'',8,1,'2023-12-07 14:40:11.158702');
INSERT INTO django_admin_log VALUES(34,'9','Recipe object (9)',3,'',8,1,'2023-12-07 14:41:02.850436');
INSERT INTO django_admin_log VALUES(35,'10','Recipe object (10)',3,'',8,1,'2023-12-07 14:43:04.414718');
INSERT INTO django_admin_log VALUES(36,'11','Recipe object (11)',3,'',8,1,'2023-12-07 14:45:23.495740');
INSERT INTO django_admin_log VALUES(37,'12','Recipe object (12)',3,'',8,1,'2023-12-07 15:02:22.021099');
INSERT INTO django_admin_log VALUES(38,'13','Recipe object (13)',3,'',8,1,'2023-12-07 15:03:10.241634');
INSERT INTO django_admin_log VALUES(39,'14','Recipe object (14)',3,'',8,1,'2023-12-07 15:56:31.253431');
INSERT INTO django_admin_log VALUES(40,'15','Recipe object (15)',3,'',8,1,'2023-12-07 15:57:43.574158');
INSERT INTO django_admin_log VALUES(41,'16','Recipe object (16)',3,'',8,1,'2023-12-07 15:59:49.415531');
INSERT INTO django_admin_log VALUES(42,'17','Recipe object (17)',3,'',8,1,'2023-12-07 16:00:35.446972');
INSERT INTO django_admin_log VALUES(43,'18','Recipe object (18)',3,'',8,1,'2023-12-07 16:01:14.915808');
INSERT INTO django_admin_log VALUES(44,'12','Step object (12)',3,'',12,1,'2023-12-12 19:53:20.878123');
INSERT INTO django_admin_log VALUES(45,'11','Step object (11)',3,'',12,1,'2023-12-12 19:53:20.885114');
INSERT INTO django_admin_log VALUES(46,'10','Step object (10)',3,'',12,1,'2023-12-12 19:53:20.889583');
INSERT INTO django_admin_log VALUES(47,'9','Step object (9)',3,'',12,1,'2023-12-12 19:53:20.894590');
INSERT INTO django_admin_log VALUES(48,'8','Step object (8)',3,'',12,1,'2023-12-12 19:53:20.899685');
INSERT INTO django_admin_log VALUES(49,'7','Step object (7)',3,'',12,1,'2023-12-12 19:53:20.902684');
INSERT INTO django_admin_log VALUES(50,'6','Step object (6)',3,'',12,1,'2023-12-12 19:53:20.907205');
INSERT INTO django_admin_log VALUES(51,'5','Step object (5)',3,'',12,1,'2023-12-12 19:53:20.910195');
INSERT INTO django_admin_log VALUES(52,'4','Step object (4)',3,'',12,1,'2023-12-12 19:53:20.914203');
INSERT INTO django_admin_log VALUES(53,'14','Step object (14)',3,'',12,1,'2023-12-12 19:55:11.081374');
INSERT INTO django_admin_log VALUES(54,'13','Step object (13)',3,'',12,1,'2023-12-12 19:55:11.086950');
INSERT INTO django_admin_log VALUES(55,'19','Step object (19)',3,'',12,1,'2023-12-12 19:56:21.209889');
INSERT INTO django_admin_log VALUES(56,'18','Step object (18)',3,'',12,1,'2023-12-12 19:56:21.216318');
INSERT INTO django_admin_log VALUES(57,'17','Step object (17)',3,'',12,1,'2023-12-12 19:56:21.221369');
INSERT INTO django_admin_log VALUES(58,'16','Step object (16)',3,'',12,1,'2023-12-12 19:56:21.225403');
INSERT INTO django_admin_log VALUES(59,'15','Step object (15)',3,'',12,1,'2023-12-12 19:56:21.230482');
INSERT INTO django_admin_log VALUES(60,'5','Recipe object (5)',3,'',8,1,'2023-12-13 21:12:44.723331');
INSERT INTO django_admin_log VALUES(61,'71','Recipe object (71)',3,'',8,1,'2023-12-13 21:14:39.323992');
INSERT INTO django_admin_log VALUES(62,'16','RecipeIngredient object (16)',1,'[{"added": {}}]',13,1,'2023-12-13 21:15:41.717138');
INSERT INTO django_admin_log VALUES(63,'2','Recipe object (2)',2,'[{"changed": {"fields": ["User"]}}]',8,1,'2023-12-13 21:16:57.171340');
INSERT INTO django_admin_log VALUES(64,'17','RecipeIngredient object (17)',1,'[{"added": {}}]',13,1,'2023-12-13 21:17:42.854054');
INSERT INTO django_admin_log VALUES(65,'6','Ingredient object (6)',1,'[{"added": {}}]',7,1,'2023-12-13 21:18:34.011088');
INSERT INTO django_admin_log VALUES(66,'18','RecipeIngredient object (18)',1,'[{"added": {}}]',13,1,'2023-12-13 21:18:49.996886');
INSERT INTO django_admin_log VALUES(67,'7','Ingredient object (7)',1,'[{"added": {}}]',7,1,'2023-12-13 21:20:53.470820');
INSERT INTO django_admin_log VALUES(68,'7','Ingredient object (7)',2,'[{"changed": {"fields": ["Name"]}}]',7,1,'2023-12-13 21:21:49.434928');
INSERT INTO django_admin_log VALUES(69,'72','Recipe object (72)',2,'[{"changed": {"fields": ["Name", "ShortDescription"]}}]',8,1,'2023-12-13 21:27:01.573261');
INSERT INTO django_admin_log VALUES(70,'8','Ingredient object (8)',1,'[{"added": {}}]',7,1,'2023-12-13 21:34:35.482600');
INSERT INTO django_admin_log VALUES(71,'9','Ingredient object (9)',1,'[{"added": {}}]',7,1,'2023-12-13 21:35:00.287476');
INSERT INTO django_admin_log VALUES(72,'9','Ingredient object (9)',2,'[{"changed": {"fields": ["Name"]}}]',7,1,'2023-12-13 21:35:29.991125');
INSERT INTO django_admin_log VALUES(73,'8','Ingredient object (8)',2,'[{"changed": {"fields": ["Name"]}}]',7,1,'2023-12-13 21:35:33.041869');
INSERT INTO django_admin_log VALUES(74,'10','Ingredient object (10)',1,'[{"added": {}}]',7,1,'2023-12-13 21:37:33.221854');
INSERT INTO django_admin_log VALUES(75,'21','RecipeIngredient object (21)',2,'[]',13,1,'2023-12-13 21:41:54.184532');
INSERT INTO django_admin_log VALUES(76,'11','Ingredient object (11)',1,'[{"added": {}}]',7,1,'2023-12-13 21:42:53.408708');
INSERT INTO django_admin_log VALUES(77,'73','Recipe object (73)',2,'[{"changed": {"fields": ["Name"]}}]',8,1,'2023-12-13 21:45:09.113370');
INSERT INTO django_admin_log VALUES(78,'74','Recipe object (74)',1,'[{"added": {}}]',8,1,'2023-12-13 21:49:12.299818');
INSERT INTO django_admin_log VALUES(79,'12','Ingredient object (12)',1,'[{"added": {}}]',7,1,'2023-12-13 21:49:48.135052');
INSERT INTO django_admin_log VALUES(80,'13','Ingredient object (13)',1,'[{"added": {}}]',7,1,'2023-12-13 21:50:39.515838');
INSERT INTO django_admin_log VALUES(81,'14','Ingredient object (14)',1,'[{"added": {}}]',7,1,'2023-12-13 21:51:48.478153');
CREATE TABLE IF NOT EXISTS "django_content_type" ("id" integer NOT NULL PRIMARY KEY AUTOINCREMENT, "app_label" varchar(100) NOT NULL, "model" varchar(100) NOT NULL);
INSERT INTO django_content_type VALUES(1,'admin','logentry');
INSERT INTO django_content_type VALUES(2,'auth','permission');
INSERT INTO django_content_type VALUES(3,'auth','group');
INSERT INTO django_content_type VALUES(4,'auth','user');
INSERT INTO django_content_type VALUES(5,'contenttypes','contenttype');
INSERT INTO django_content_type VALUES(6,'sessions','session');
INSERT INTO django_content_type VALUES(7,'backend','ingredient');
INSERT INTO django_content_type VALUES(8,'backend','recipe');
INSERT INTO django_content_type VALUES(9,'backend','tool');
INSERT INTO django_content_type VALUES(10,'backend','useringredient');
INSERT INTO django_content_type VALUES(11,'backend','user');
INSERT INTO django_content_type VALUES(12,'backend','step');
INSERT INTO django_content_type VALUES(13,'backend','recipeingredient');
CREATE TABLE IF NOT EXISTS "auth_permission" ("id" integer NOT NULL PRIMARY KEY AUTOINCREMENT, "content_type_id" integer NOT NULL REFERENCES "django_content_type" ("id") DEFERRABLE INITIALLY DEFERRED, "codename" varchar(100) NOT NULL, "name" varchar(255) NOT NULL);
INSERT INTO auth_permission VALUES(1,1,'add_logentry','Can add log entry');
INSERT INTO auth_permission VALUES(2,1,'change_logentry','Can change log entry');
INSERT INTO auth_permission VALUES(3,1,'delete_logentry','Can delete log entry');
INSERT INTO auth_permission VALUES(4,1,'view_logentry','Can view log entry');
INSERT INTO auth_permission VALUES(5,2,'add_permission','Can add permission');
INSERT INTO auth_permission VALUES(6,2,'change_permission','Can change permission');
INSERT INTO auth_permission VALUES(7,2,'delete_permission','Can delete permission');
INSERT INTO auth_permission VALUES(8,2,'view_permission','Can view permission');
INSERT INTO auth_permission VALUES(9,3,'add_group','Can add group');
INSERT INTO auth_permission VALUES(10,3,'change_group','Can change group');
INSERT INTO auth_permission VALUES(11,3,'delete_group','Can delete group');
INSERT INTO auth_permission VALUES(12,3,'view_group','Can view group');
INSERT INTO auth_permission VALUES(13,4,'add_user','Can add user');
INSERT INTO auth_permission VALUES(14,4,'change_user','Can change user');
INSERT INTO auth_permission VALUES(15,4,'delete_user','Can delete user');
INSERT INTO auth_permission VALUES(16,4,'view_user','Can view user');
INSERT INTO auth_permission VALUES(17,5,'add_contenttype','Can add content type');
INSERT INTO auth_permission VALUES(18,5,'change_contenttype','Can change content type');
INSERT INTO auth_permission VALUES(19,5,'delete_contenttype','Can delete content type');
INSERT INTO auth_permission VALUES(20,5,'view_contenttype','Can view content type');
INSERT INTO auth_permission VALUES(21,6,'add_session','Can add session');
INSERT INTO auth_permission VALUES(22,6,'change_session','Can change session');
INSERT INTO auth_permission VALUES(23,6,'delete_session','Can delete session');
INSERT INTO auth_permission VALUES(24,6,'view_session','Can view session');
INSERT INTO auth_permission VALUES(25,7,'add_ingredient','Can add ingredient');
INSERT INTO auth_permission VALUES(26,7,'change_ingredient','Can change ingredient');
INSERT INTO auth_permission VALUES(27,7,'delete_ingredient','Can delete ingredient');
INSERT INTO auth_permission VALUES(28,7,'view_ingredient','Can view ingredient');
INSERT INTO auth_permission VALUES(29,8,'add_recipe','Can add recipe');
INSERT INTO auth_permission VALUES(30,8,'change_recipe','Can change recipe');
INSERT INTO auth_permission VALUES(31,8,'delete_recipe','Can delete recipe');
INSERT INTO auth_permission VALUES(32,8,'view_recipe','Can view recipe');
INSERT INTO auth_permission VALUES(33,9,'add_tool','Can add tool');
INSERT INTO auth_permission VALUES(34,9,'change_tool','Can change tool');
INSERT INTO auth_permission VALUES(35,9,'delete_tool','Can delete tool');
INSERT INTO auth_permission VALUES(36,9,'view_tool','Can view tool');
INSERT INTO auth_permission VALUES(37,10,'add_useringredient','Can add user ingredient');
INSERT INTO auth_permission VALUES(38,10,'change_useringredient','Can change user ingredient');
INSERT INTO auth_permission VALUES(39,10,'delete_useringredient','Can delete user ingredient');
INSERT INTO auth_permission VALUES(40,10,'view_useringredient','Can view user ingredient');
INSERT INTO auth_permission VALUES(41,11,'add_user','Can add user');
INSERT INTO auth_permission VALUES(42,11,'change_user','Can change user');
INSERT INTO auth_permission VALUES(43,11,'delete_user','Can delete user');
INSERT INTO auth_permission VALUES(44,11,'view_user','Can view user');
INSERT INTO auth_permission VALUES(45,12,'add_step','Can add step');
INSERT INTO auth_permission VALUES(46,12,'change_step','Can change step');
INSERT INTO auth_permission VALUES(47,12,'delete_step','Can delete step');
INSERT INTO auth_permission VALUES(48,12,'view_step','Can view step');
INSERT INTO auth_permission VALUES(49,13,'add_recipeingredient','Can add recipe ingredient');
INSERT INTO auth_permission VALUES(50,13,'change_recipeingredient','Can change recipe ingredient');
INSERT INTO auth_permission VALUES(51,13,'delete_recipeingredient','Can delete recipe ingredient');
INSERT INTO auth_permission VALUES(52,13,'view_recipeingredient','Can view recipe ingredient');
CREATE TABLE IF NOT EXISTS "auth_group" ("id" integer NOT NULL PRIMARY KEY AUTOINCREMENT, "name" varchar(150) NOT NULL UNIQUE);
CREATE TABLE IF NOT EXISTS "auth_user" ("id" integer NOT NULL PRIMARY KEY AUTOINCREMENT, "password" varchar(128) NOT NULL, "last_login" datetime NULL, "is_superuser" bool NOT NULL, "username" varchar(150) NOT NULL UNIQUE, "last_name" varchar(150) NOT NULL, "email" varchar(254) NOT NULL, "is_staff" bool NOT NULL, "is_active" bool NOT NULL, "date_joined" datetime NOT NULL, "first_name" varchar(150) NOT NULL);
INSERT INTO auth_user VALUES(1,'pbkdf2_sha256$320000$fgOaDgN0Tnh3dUvYKHGyra$x4TXjfBIJbkJA3Y+pUgkom8Y7bcdiV0Yx164jD1SyzQ=','2023-12-13 21:12:10.679078',1,'admin','','michalkoo700@gmail.com',1,1,'2023-12-02 15:10:16.064479','');
CREATE TABLE IF NOT EXISTS "backend_ingredient" ("id" integer NOT NULL PRIMARY KEY AUTOINCREMENT, "name" varchar(20) NOT NULL UNIQUE, "category" varchar(20) NOT NULL);
INSERT INTO backend_ingredient VALUES(1,'Chicken','meat');
INSERT INTO backend_ingredient VALUES(2,'Rice','grains');
INSERT INTO backend_ingredient VALUES(3,'Salt','other');
INSERT INTO backend_ingredient VALUES(4,'Black Pepper','spices');
INSERT INTO backend_ingredient VALUES(5,'Beef','meat');
INSERT INTO backend_ingredient VALUES(6,'Salad','vegetables');
INSERT INTO backend_ingredient VALUES(7,'Potatoes','vegetables');
INSERT INTO backend_ingredient VALUES(8,'Bananas','fruit');
INSERT INTO backend_ingredient VALUES(9,'Apples','fruit');
INSERT INTO backend_ingredient VALUES(10,'Vodka','alcohol');
INSERT INTO backend_ingredient VALUES(11,'Cigarette','other');
INSERT INTO backend_ingredient VALUES(12,'Eggs','other');
INSERT INTO backend_ingredient VALUES(13,'Cheese','dairy');
INSERT INTO backend_ingredient VALUES(14,'Pasta','grains');
CREATE TABLE IF NOT EXISTS "backend_tool" ("id" integer NOT NULL PRIMARY KEY AUTOINCREMENT, "name" varchar(20) NOT NULL);
INSERT INTO backend_tool VALUES(1,'hammer');
INSERT INTO backend_tool VALUES(2,'zbijacka');
INSERT INTO backend_tool VALUES(3,'klince');
CREATE TABLE IF NOT EXISTS "backend_user" ("id" integer NOT NULL PRIMARY KEY AUTOINCREMENT, "name" varchar(20) NOT NULL);
INSERT INTO backend_user VALUES(1,'Ignác');
CREATE TABLE IF NOT EXISTS "backend_user_tools" ("id" integer NOT NULL PRIMARY KEY AUTOINCREMENT, "user_id" bigint NOT NULL REFERENCES "backend_user" ("id") DEFERRABLE INITIALLY DEFERRED, "tool_id" bigint NOT NULL REFERENCES "backend_tool" ("id") DEFERRABLE INITIALLY DEFERRED);
INSERT INTO backend_user_tools VALUES(1,1,1);
CREATE TABLE IF NOT EXISTS "backend_step" ("id" integer NOT NULL PRIMARY KEY AUTOINCREMENT, "title" varchar(20) NOT NULL, "detail" varchar(200) NOT NULL, "index" integer NOT NULL, "recipe_id" bigint NOT NULL REFERENCES "backend_recipe" ("id") DEFERRABLE INITIALLY DEFERRED);
INSERT INTO backend_step VALUES(144,'Cook potatoes','Cook potatoes for 30 minutes',1,72);
INSERT INTO backend_step VALUES(145,'Cook beef','Cook beef on pan for 20 minutes',2,72);
INSERT INTO backend_step VALUES(146,'Bon apetit','Set step detail',3,72);
INSERT INTO backend_step VALUES(147,'','Put a large saucepan of water on to boil.',1,74);
INSERT INTO backend_step VALUES(148,'','Finely chop the 100g pancetta, having first removed any rind. Finely grate 50g pecorino cheese and 50g parmesan and mix them together.',2,74);
INSERT INTO backend_step VALUES(149,'Set title','Beat the 3 large eggs in a medium bowl and season with a little freshly grated black pepper. Set everything aside.',3,74);
INSERT INTO backend_step VALUES(150,'Set title','Add 1 tsp salt to the boiling water, add 350g spaghetti and when the water comes back to the boil, cook at a constant simmer, covered, for 10 minutes or until al dente (just cooked).',4,74);
INSERT INTO backend_step VALUES(151,'Set title','Squash 2 peeled plump garlic cloves with the blade of a knife, just to bruise it.',5,74);
INSERT INTO backend_step VALUES(152,'Set title','While the spaghetti is cooking, fry the pancetta with the garlic. Drop 50g unsalted butter into a large frying pan or wok and, as soon as the butter has melted, tip in the pancetta and garlic.',6,74);
INSERT INTO backend_step VALUES(153,'Set title','Leave to cook on a medium heat for about 5 minutes, stirring often, until the pancetta is golden and crisp. The garlic has now imparted its flavour, so take it out with a slotted spoon and discard.',7,74);
INSERT INTO backend_step VALUES(154,'Set title','Keep the heat under the pancetta on low. When the pasta is ready, lift it from the water with a pasta fork or tongs and put it in the frying pan with the pancetta. Don’t worry if a little water drops in the pan as well (you want this to happen) and don’t throw the pasta water away yet.',8,74);
INSERT INTO backend_step VALUES(155,'Set title','Mix most of the cheese in with the eggs, keeping a small handful back for sprinkling over later.',9,74);
INSERT INTO backend_step VALUES(156,'Set title','Use a long-pronged fork to twist the pasta on to the serving plate or bowl. Serve immediately with a little sprinkling of the remaining cheese and a grating of black pepper. If the dish does get a little dry before serving, splash in some more hot pasta water and the glossy sauciness will be revived.',10,74);
CREATE TABLE IF NOT EXISTS "backend_recipeingredient" ("id" integer NOT NULL PRIMARY KEY AUTOINCREMENT, "quantity" integer NOT NULL, "units" varchar(20) NOT NULL, "ingredient_id" bigint NOT NULL REFERENCES "backend_ingredient" ("id") DEFERRABLE INITIALLY DEFERRED, "recipe_id" bigint NOT NULL REFERENCES "backend_recipe" ("id") DEFERRABLE INITIALLY DEFERRED);
INSERT INTO backend_recipeingredient VALUES(16,1,'kg',1,2);
INSERT INTO backend_recipeingredient VALUES(17,500,'g',2,2);
INSERT INTO backend_recipeingredient VALUES(18,300,'g',6,2);
INSERT INTO backend_recipeingredient VALUES(19,600,'g',5,72);
INSERT INTO backend_recipeingredient VALUES(20,600,'g',7,72);
INSERT INTO backend_recipeingredient VALUES(21,1,'dcl',10,73);
INSERT INTO backend_recipeingredient VALUES(22,2,'ks',11,73);
INSERT INTO backend_recipeingredient VALUES(23,500,'g',14,74);
INSERT INTO backend_recipeingredient VALUES(24,4,'ks',12,74);
INSERT INTO backend_recipeingredient VALUES(25,100,'g',13,74);
INSERT INTO backend_recipeingredient VALUES(26,15,'g',4,74);
INSERT INTO backend_recipeingredient VALUES(27,10,'g',3,74);
CREATE TABLE IF NOT EXISTS "backend_recipe_tools" ("id" integer NOT NULL PRIMARY KEY AUTOINCREMENT, "recipe_id" bigint NOT NULL REFERENCES "backend_recipe" ("id") DEFERRABLE INITIALLY DEFERRED, "tool_id" bigint NOT NULL REFERENCES "backend_tool" ("id") DEFERRABLE INITIALLY DEFERRED);
CREATE TABLE IF NOT EXISTS "django_session" ("session_key" varchar(40) NOT NULL PRIMARY KEY, "session_data" text NOT NULL, "expire_date" datetime NOT NULL);
INSERT INTO django_session VALUES('9wci9xex6dcrdilaagz0k2zcz09ebwhb','.eJxVjDsOwjAQBe_iGll2duMPJT1nsLzrNQmgRIqTCnF3iJQC2jcz76VS3tYhbU2WNBZ1VladfjfK_JBpB-Wep9useZ7WZSS9K_qgTV_nIs_L4f4dDLkN3xrZkjgPmMEGYajcAfbWmRojVGO8DxyreARxaAL1oatdYIOMFImcen8AzD83TQ:1r9Re2:mOEVQtPCtz790twxAWyNUJjsfPohE-uL79ObQg0x-eM','2023-12-16 15:11:02.960565');
INSERT INTO django_session VALUES('mhuyg82z7x90uzpni2kt6f7v696sqhs2','.eJxVjEEOgjAQRe_StWnaDlOoS_eeoZnODIIaSCisjHdXEha6_e-9_zKZtnXIW9Ulj2LOxpvT71aIHzrtQO403WbL87QuY7G7Yg9a7XUWfV4O9-9goDp86xA5iShIoq5Rp13LHLoeBBmcl-I1AfZMAoQxNikgIigXVxTFtcW8PwCYOJE:1rDWWY:J117sJtg5_go3FM0SrPT3Cp2R0xVkwUjc7XjgciLmRY','2023-12-27 21:12:10.682594');
CREATE TABLE IF NOT EXISTS "backend_recipe" ("id" integer NOT NULL PRIMARY KEY AUTOINCREMENT, "name" varchar(20) NOT NULL UNIQUE, "shortDescription" varchar(200) NOT NULL, "difficulty" varchar(10) NOT NULL, "timeToPrepare" integer NOT NULL, "ecoScore" integer NOT NULL, "nutriScore" integer NOT NULL, "energy" integer NULL, "fats" integer NULL, "carbohydrates" integer NULL, "sugars" integer NULL, "protein" integer NULL, "salt" integer NULL, "user_id" bigint NULL REFERENCES "backend_user" ("id") DEFERRABLE INITIALLY DEFERRED);
INSERT INTO backend_recipe VALUES(2,'Roast chicken','Roast chook is a total classic. This recipe uses veggies and focaccia slices to soak up all the delicious pan juices.','medium',60,2,2,NULL,NULL,NULL,NULL,NULL,NULL,1);
INSERT INTO backend_recipe VALUES(72,'Beef with potatoes','Delicious fast meal for launch or dinner','medium',30,1,2,NULL,NULL,NULL,NULL,NULL,NULL,1);
INSERT INTO backend_recipe VALUES(73,'Everyday breakfast','Have a beautiful morning','easy',1,3,5,200,2,0,11,0,1,1);
INSERT INTO backend_recipe VALUES(74,'Pene carbonara','Italian cuisine','medium',25,2,2,400,5,60,5,10,2,1);
CREATE TABLE IF NOT EXISTS "backend_useringredient" ("id" integer NOT NULL PRIMARY KEY AUTOINCREMENT, "ammount" integer NULL, "expiration" datetime NULL, "user_id" bigint NOT NULL REFERENCES "backend_user" ("id") DEFERRABLE INITIALLY DEFERRED, "unit" varchar(20) NULL, "IngredientName" varchar(64) NULL);
INSERT INTO backend_useringredient VALUES(2,2,'2023-12-13 20:07:43',1,'kg','Chicken');
INSERT INTO backend_useringredient VALUES(3,3,'2023-12-13 20:31:24',1,'g','Beef');
INSERT INTO backend_useringredient VALUES(4,500,'2027-02-16 00:00:00',1,'g','Salt');
INSERT INTO backend_useringredient VALUES(5,100,'2024-02-16 00:00:00',1,'g','Black Pepper');
INSERT INTO backend_useringredient VALUES(6,10,'2023-12-27 00:00:00',1,'ks','Apples');
INSERT INTO backend_useringredient VALUES(7,50,'2030-12-12 00:00:00',1,'l','Vodka');
INSERT INTO backend_useringredient VALUES(8,40,'2023-12-13 21:45:26.378000',1,'ks','Cigarette');
DELETE FROM sqlite_sequence;
INSERT INTO sqlite_sequence VALUES('django_migrations',29);
INSERT INTO sqlite_sequence VALUES('django_admin_log',81);
INSERT INTO sqlite_sequence VALUES('django_content_type',13);
INSERT INTO sqlite_sequence VALUES('auth_permission',52);
INSERT INTO sqlite_sequence VALUES('auth_group',0);
INSERT INTO sqlite_sequence VALUES('auth_user',1);
INSERT INTO sqlite_sequence VALUES('backend_recipe',74);
INSERT INTO sqlite_sequence VALUES('backend_ingredient',14);
INSERT INTO sqlite_sequence VALUES('backend_recipeingredient',27);
INSERT INTO sqlite_sequence VALUES('backend_tool',3);
INSERT INTO sqlite_sequence VALUES('backend_recipe_tools',1);
INSERT INTO sqlite_sequence VALUES('backend_step',156);
INSERT INTO sqlite_sequence VALUES('backend_user',1);
INSERT INTO sqlite_sequence VALUES('backend_user_tools',1);
INSERT INTO sqlite_sequence VALUES('backend_useringredient',8);
CREATE UNIQUE INDEX "auth_group_permissions_group_id_permission_id_0cd325b0_uniq" ON "auth_group_permissions" ("group_id", "permission_id");
CREATE INDEX "auth_group_permissions_group_id_b120cbf9" ON "auth_group_permissions" ("group_id");
CREATE INDEX "auth_group_permissions_permission_id_84c5c92e" ON "auth_group_permissions" ("permission_id");
CREATE UNIQUE INDEX "auth_user_groups_user_id_group_id_94350c0c_uniq" ON "auth_user_groups" ("user_id", "group_id");
CREATE INDEX "auth_user_groups_user_id_6a12ed8b" ON "auth_user_groups" ("user_id");
CREATE INDEX "auth_user_groups_group_id_97559544" ON "auth_user_groups" ("group_id");
CREATE UNIQUE INDEX "auth_user_user_permissions_user_id_permission_id_14a6b632_uniq" ON "auth_user_user_permissions" ("user_id", "permission_id");
CREATE INDEX "auth_user_user_permissions_user_id_a95ead1b" ON "auth_user_user_permissions" ("user_id");
CREATE INDEX "auth_user_user_permissions_permission_id_1fbb5f2c" ON "auth_user_user_permissions" ("permission_id");
CREATE INDEX "django_admin_log_content_type_id_c4bce8eb" ON "django_admin_log" ("content_type_id");
CREATE INDEX "django_admin_log_user_id_c564eba6" ON "django_admin_log" ("user_id");
CREATE UNIQUE INDEX "django_content_type_app_label_model_76bd3d3b_uniq" ON "django_content_type" ("app_label", "model");
CREATE UNIQUE INDEX "auth_permission_content_type_id_codename_01ab375a_uniq" ON "auth_permission" ("content_type_id", "codename");
CREATE INDEX "auth_permission_content_type_id_2f476e4b" ON "auth_permission" ("content_type_id");
CREATE UNIQUE INDEX "backend_user_tools_user_id_tool_id_ef1529a8_uniq" ON "backend_user_tools" ("user_id", "tool_id");
CREATE INDEX "backend_user_tools_user_id_2353ed18" ON "backend_user_tools" ("user_id");
CREATE INDEX "backend_user_tools_tool_id_7c5cfb2e" ON "backend_user_tools" ("tool_id");
CREATE INDEX "backend_step_recipe_id_3eb668e3" ON "backend_step" ("recipe_id");
CREATE INDEX "backend_recipeingredient_ingredient_id_bef02373" ON "backend_recipeingredient" ("ingredient_id");
CREATE INDEX "backend_recipeingredient_recipe_id_9716c1a0" ON "backend_recipeingredient" ("recipe_id");
CREATE UNIQUE INDEX "backend_recipe_tools_recipe_id_tool_id_8c064b8e_uniq" ON "backend_recipe_tools" ("recipe_id", "tool_id");
CREATE INDEX "backend_recipe_tools_recipe_id_ee4caa78" ON "backend_recipe_tools" ("recipe_id");
CREATE INDEX "backend_recipe_tools_tool_id_cec53559" ON "backend_recipe_tools" ("tool_id");
CREATE INDEX "django_session_expire_date_a5c62663" ON "django_session" ("expire_date");
CREATE INDEX "backend_recipe_user_id_04618986" ON "backend_recipe" ("user_id");
CREATE INDEX "backend_useringredient_user_id_b82731e8" ON "backend_useringredient" ("user_id");
COMMIT;
